bestell_id,bestelldatum,lieferdatum,region,kategorie,menge,einzelpreis,umsatz
1,2024-04-12,2024-04-21,Ost,Bücher,3,12.3,36.9
2,2024-12-14,2024-12-20,Nord,Sport,5,49.27,246.35
3,2024-09-27,2024-10-03,Süd,Bücher,1,16.15,16.15
4,2024-04-16,2024-04-20,Nord,Kleidung,5,39.33,196.65
5,2024-03-12,2024-03-17,Nord,Sport,3,53.44,160.32
6,2024-07-07,2024-07-12,Mitte,Bücher,5,15.68,78.4
7,2024-01-21,2024-01-25,Süd,Sport,3,54.07,162.21
8,2024-04-12,2024-04-19,West,Haushalt,3,82.48,247.44
9,2024-05-01,2024-05-05,Süd,Kleidung,4,37.75,151.0
10,2024-08-02,2024-08-08,West,Bücher,3,16.94,50.82
11,2024-11-26,2024-11-30,West,Haushalt,3,90.26,270.78
12,2024-03-28,2024-04-04,Ost,Haushalt,2,79.28,158.56
13,2024-04-09,2024-04-15,Süd,Sport,1,56.42,56.42
14,2024-12-25,2024-12-30,Süd,Haushalt,4,75.6,302.4
15,2024-05-31,2024-06-05,Süd,Kleidung,4,44.89,179.56
16,2024-05-10,2024-05-15,Mitte,Kleidung,4,37.25,149.0
17,2024-05-29,2024-06-04,West,Elektronik,2,220.91,441.82
18,2024-11-04,2024-11-10,Mitte,Kleidung,3,33.36,100.08
19,2024-09-14,2024-09-17,Nord,Haushalt,1,78.93,78.93
20,2024-12-09,2024-12-15,West,Kleidung,5,39.71,198.55
21,2024-10-20,2024-10-24,Mitte,Sport,3,68.18,204.54
22,2024-07-10,2024-07-13,Nord,Elektronik,2,222.12,444.24
23,2024-10-03,2024-10-08,Nord,Haushalt,3,76.19,228.57
24,2024-06-09,2024-06-13,West,Elektronik,3,280.84,842.52
25,2024-11-09,2024-11-16,Ost,Haushalt,2,90.36,180.72
26,2024-01-22,2024-01-28,West,Sport,4,57.23,228.92
27,2024-09-09,2024-09-13,Nord,Elektronik,4,245.91,983.64
28,2024-08-23,2024-08-30,West,Bücher,1,13.82,13.82
29,2024-12-10,2024-12-15,Nord,Haushalt,1,93.84,93.84
30,2024-02-18,2024-02-23,Nord,Bücher,4,12.71,50.84
31,2024-02-28,2024-03-04,Nord,Elektronik,5,293.37,1466.85
32,2024-06-18,2024-06-24,West,Bücher,3,16.1,48.3
33,2024-07-06,2024-07-13,West,Bücher,5,15.19,75.95
34,2024-09-27,2024-10-05,Ost,Elektronik,3,203.27,609.81
35,2024-07-08,2024-07-11,Süd,Sport,4,59.41,237.64
36,2024-06-23,2024-06-28,Mitte,Bücher,1,14.45,14.45
37,2024-02-20,2024-02-26,Süd,Bücher,1,12.97,12.97
38,2024-12-29,2025-01-04,West,Sport,5,63.75,318.75
39,2024-02-24,2024-02-27,Süd,Bücher,1,17.83,17.83
40,2024-08-31,2024-09-06,Süd,Bücher,4,15.37,61.48
41,2024-11-15,2024-11-21,Süd,Bücher,5,16.29,81.45
42,2024-05-10,2024-05-13,Süd,Kleidung,3,33.1,99.3
43,2024-11-02,2024-11-06,West,Sport,1,58.02,58.02
44,2024-05-14,2024-05-20,Ost,Bücher,2,12.7,25.4
45,2024-01-21,2024-01-24,Nord,Sport,1,62.71,62.71
46,2024-11-24,2024-11-27,Mitte,Haushalt,3,94.03,282.09
47,2024-06-15,2024-06-21,Süd,Haushalt,5,85.18,425.9
48,2024-09-30,2024-10-09,Ost,Bücher,3,12.46,37.38
49,2024-03-29,2024-04-03,Mitte,Sport,2,56.51,113.02
50,2024-11-11,2024-11-19,Ost,Sport,4,61.22,244.88
51,2024-01-14,2024-01-18,Nord,Sport,1,57.68,57.68
52,2024-08-29,2024-09-03,Mitte,Kleidung,5,45.34,226.7
53,2024-09-21,2024-09-29,Ost,Haushalt,4,90.07,360.28
54,2024-12-11,2024-12-14,Süd,Sport,3,62.68,188.04
55,2024-02-22,2024-02-25,Nord,Sport,5,56.96,284.8
56,2024-12-05,2024-12-11,West,Kleidung,4,36.09,144.36
57,2024-04-01,2024-04-08,Ost,Kleidung,5,33.69,168.45
58,2024-09-20,2024-09-26,Ost,Sport,2,56.52,113.04
59,2024-02-04,2024-02-09,Mitte,Elektronik,2,241.32,482.64
60,2024-07-24,2024-07-30,West,Sport,1,64.22,64.22
61,2024-03-21,2024-03-27,Nord,Sport,1,63.8,63.8
62,2024-02-19,2024-02-23,Süd,Kleidung,2,33.12,66.24
63,2024-12-25,2024-12-31,Nord,Kleidung,5,38.32,191.6
64,2024-01-02,2024-01-07,West,Sport,2,52.36,104.72
65,2024-02-23,2024-02-26,Nord,Sport,1,51.76,51.76
66,2024-04-15,2024-04-22,Ost,Sport,2,67.86,135.72
67,2024-09-16,2024-09-22,West,Kleidung,2,32.67,65.34
68,2024-11-05,2024-11-10,Mitte,Sport,5,58.06,290.3
69,2024-07-09,2024-07-13,Süd,Sport,4,52.04,208.16
70,2024-08-05,2024-08-10,West,Bücher,1,17.28,17.28
71,2024-02-13,2024-02-17,Nord,Elektronik,5,255.7,1278.5
72,2024-06-10,2024-06-17,West,Haushalt,2,71.4,142.8
73,2024-07-20,2024-07-24,Nord,Elektronik,2,250.24,500.48
74,2024-09-26,2024-09-29,Süd,Bücher,4,16.39,65.56
75,2024-12-16,2024-12-23,West,Haushalt,1,94.66,94.66
76,2024-10-30,2024-11-05,Nord,Sport,1,53.29,53.29
77,2024-09-27,2024-10-01,Nord,Bücher,3,17.32,51.96
78,2024-08-02,2024-08-06,West,Sport,1,70.42,70.42
79,2024-09-08,2024-09-15,West,Kleidung,4,46.66,186.64
80,2024-07-08,2024-07-16,Ost,Bücher,3,15.81,47.43
81,2024-10-22,2024-10-29,West,Kleidung,3,42.08,126.24
82,2024-07-31,2024-08-07,Ost,Bücher,2,14.42,28.84
83,2024-07-26,2024-07-29,Süd,Bücher,2,16.51,33.02
84,2024-08-24,2024-08-28,Süd,Kleidung,1,40.5,40.5
85,2024-12-03,2024-12-08,Nord,Haushalt,3,85.68,257.04
86,2024-02-22,2024-02-27,Mitte,Elektronik,2,242.85,485.7
87,2024-10-06,2024-10-14,Ost,Sport,4,65.56,262.24
88,2024-08-04,2024-08-08,Süd,Bücher,2,16.95,33.9
89,2024-09-08,2024-09-14,Süd,Sport,2,51.51,103.02
90,2024-07-06,2024-07-10,Mitte,Kleidung,3,45.33,135.99
91,2024-02-10,2024-02-13,Nord,Sport,3,60.97,182.91
92,2024-06-05,2024-06-14,Ost,Kleidung,5,45.51,227.55
93,2024-01-15,2024-01-23,Ost,Sport,4,58.35,233.4
94,2024-10-27,2024-11-03,Ost,Elektronik,3,237.9,713.7
95,2024-03-05,2024-03-10,Nord,Elektronik,1,291.51,291.51
96,2024-12-10,2024-12-15,Mitte,Elektronik,4,225.12,900.48
97,2024-11-22,2024-11-25,Mitte,Elektronik,4,284.42,1137.68
98,2024-01-09,2024-01-18,Ost,Elektronik,3,248.4,745.2
99,2024-12-09,2024-12-13,West,Elektronik,4,251.41,1005.64
100,2024-05-08,2024-05-11,Mitte,Kleidung,3,36.94,110.82
101,2024-05-15,2024-05-19,West,Bücher,2,15.44,30.88
102,2024-03-03,2024-03-08,Nord,Sport,5,55.81,279.05
103,2024-05-18,2024-05-24,Ost,Elektronik,2,203.93,407.86
104,2024-03-21,2024-03-27,Ost,Kleidung,3,36.35,109.05
105,2024-06-11,2024-06-17,Süd,Kleidung,3,32.1,96.3
106,2024-10-15,2024-10-22,West,Kleidung,2,47.65,95.3
107,2024-09-17,2024-09-20,Mitte,Bücher,1,17.79,17.79
108,2024-08-18,2024-08-24,Mitte,Sport,1,57.48,57.48
109,2024-02-10,2024-02-16,Süd,Bücher,1,16.37,16.37
110,2024-01-28,2024-01-31,Nord,Haushalt,3,75.07,225.21
111,2024-05-14,2024-05-19,Mitte,Kleidung,4,42.74,170.96
112,2024-07-19,2024-07-23,West,Haushalt,3,89.77,269.31
113,2024-11-23,2024-11-29,Nord,Elektronik,4,294.68,1178.72
114,2024-09-24,2024-09-29,Mitte,Elektronik,2,240.02,480.04
115,2024-02-02,2024-02-06,Mitte,Bücher,5,16.7,83.5
116,2024-02-17,2024-02-25,Ost,Sport,4,54.38,217.52
117,2024-03-02,2024-03-11,Ost,Haushalt,1,95.69,95.69
118,2024-08-03,2024-08-08,Süd,Sport,3,48.62,145.86
119,2024-10-19,2024-10-22,Nord,Bücher,2,15.62,31.24
120,2024-04-08,2024-04-12,Süd,Elektronik,1,265.95,265.95
121,2024-06-20,2024-06-25,West,Sport,2,64.51,129.02
122,2024-12-25,2024-12-29,Nord,Sport,5,50.89,254.45
123,2024-08-01,2024-08-07,Süd,Elektronik,3,293.85,881.55
124,2024-02-04,2024-02-10,Süd,Haushalt,3,69.8,209.4
125,2024-08-14,2024-08-21,Ost,Elektronik,5,262.28,1311.4
126,2024-04-10,2024-04-15,Mitte,Sport,3,53.34,160.02
127,2024-05-10,2024-05-14,Süd,Haushalt,4,73.83,295.32
128,2024-09-13,2024-09-18,Süd,Haushalt,2,81.49,162.98
129,2024-01-05,2024-01-11,West,Elektronik,1,241.72,241.72
130,2024-08-05,2024-08-11,Süd,Sport,5,51.85,259.25
131,2024-09-11,2024-09-16,Nord,Bücher,4,13.03,52.12
132,2024-12-24,2024-12-28,Süd,Sport,1,58.04,58.04
133,2024-10-09,2024-10-15,Nord,Kleidung,1,44.12,44.12
134,2024-07-25,2024-07-28,Nord,Bücher,5,17.39,86.95
135,2024-01-15,2024-01-18,Süd,Haushalt,4,66.69,266.76
136,2024-12-11,2024-12-17,Süd,Bücher,1,14.36,14.36
137,2024-02-11,2024-02-15,Mitte,Haushalt,1,67.21,67.21
138,2024-06-27,2024-06-30,Süd,Haushalt,4,64.53,258.12
139,2024-03-03,2024-03-09,Ost,Bücher,3,15.97,47.91
140,2024-12-17,2024-12-25,Ost,Haushalt,1,83.28,83.28
141,2024-08-18,2024-08-23,Nord,Haushalt,2,69.22,138.44
142,2024-08-28,2024-09-02,West,Kleidung,4,35.74,142.96
143,2024-02-21,2024-02-27,Nord,Sport,1,48.57,48.57
144,2024-04-05,2024-04-09,Mitte,Sport,5,68.04,340.2
145,2024-08-09,2024-08-15,Nord,Kleidung,2,47.6,95.2
146,2024-08-18,2024-08-21,Süd,Bücher,1,12.81,12.81
147,2024-08-24,2024-08-29,Nord,Elektronik,2,223.15,446.3
148,2024-05-22,2024-05-26,Mitte,Elektronik,2,286.84,573.68
149,2024-06-19,2024-06-26,Ost,Elektronik,3,292.65,877.95
150,2024-01-29,2024-02-07,Ost,Kleidung,2,38.71,77.42
151,2024-02-05,2024-02-11,Nord,Kleidung,3,32.81,98.43
152,2024-01-13,2024-01-18,West,Haushalt,4,65.26,261.04
153,2024-06-08,2024-06-14,Nord,Elektronik,3,257.39,772.17
154,2024-11-22,2024-11-26,Mitte,Bücher,5,14.36,71.8
155,2024-07-05,2024-07-09,Nord,Bücher,1,12.17,12.17
156,2024-08-30,2024-09-03,Nord,Elektronik,4,258.33,1033.32
157,2024-03-26,2024-03-29,Nord,Elektronik,4,201.13,804.52
158,2024-10-10,2024-10-16,Süd,Elektronik,5,278.74,1393.7
159,2024-03-06,2024-03-14,Ost,Kleidung,3,36.9,110.7
160,2024-06-18,2024-06-23,Nord,Kleidung,1,32.64,32.64
161,2024-02-14,2024-02-21,West,Kleidung,3,41.41,124.23
162,2024-03-02,2024-03-06,Süd,Sport,2,57.54,115.08
163,2024-05-13,2024-05-21,Ost,Bücher,3,17.84,53.52
164,2024-10-10,2024-10-15,Süd,Bücher,4,15.27,61.08
165,2024-01-28,2024-02-03,Süd,Haushalt,1,72.81,72.81
166,2024-04-17,2024-04-25,Ost,Kleidung,3,43.35,130.05
167,2024-02-13,2024-02-17,Nord,Sport,1,54.52,54.52
168,2024-12-05,2024-12-11,Nord,Sport,1,69.7,69.7
169,2024-10-12,2024-10-16,Mitte,Bücher,2,14.25,28.5
170,2024-11-26,2024-12-01,Mitte,Kleidung,2,40.8,81.6
171,2024-05-07,2024-05-12,Süd,Haushalt,4,65.62,262.48
172,2024-12-13,2024-12-17,Süd,Kleidung,5,38.82,194.1
173,2024-08-18,2024-08-24,Ost,Elektronik,1,283.24,283.24
174,2024-07-08,2024-07-13,Süd,Kleidung,5,44.89,224.45
175,2024-08-12,2024-08-15,Nord,Elektronik,4,222.43,889.72
176,2024-10-09,2024-10-14,Nord,Elektronik,1,222.61,222.61
177,2024-04-30,2024-05-04,West,Haushalt,1,90.15,90.15
178,2024-04-25,2024-04-29,West,Bücher,5,17.58,87.9
179,2024-08-20,2024-08-23,Nord,Kleidung,3,33.53,100.59
180,2024-09-15,2024-09-19,Nord,Elektronik,2,245.01,490.02
181,2024-12-24,2024-12-27,Nord,Kleidung,3,37.4,112.2
182,2024-07-16,2024-07-20,West,Bücher,5,17.22,86.1
183,2024-05-16,2024-05-19,Nord,Bücher,2,12.5,25.0
184,2024-11-13,2024-11-18,Nord,Sport,3,53.07,159.21
185,2024-06-13,2024-06-17,West,Bücher,2,16.51,33.02
186,2024-08-12,2024-08-17,Nord,Haushalt,1,65.64,65.64
187,2024-11-02,2024-11-06,West,Elektronik,3,249.25,747.75
188,2024-08-21,2024-08-24,Nord,Sport,2,58.61,117.22
189,2024-06-20,2024-06-24,Nord,Haushalt,2,74.7,149.4
190,2024-05-31,2024-06-05,Nord,Kleidung,2,38.31,76.62
191,2024-11-10,2024-11-14,West,Elektronik,3,252.99,758.97
192,2024-06-08,2024-06-13,Mitte,Bücher,4,12.97,51.88
193,2024-04-05,2024-04-11,West,Elektronik,3,257.2,771.6
194,2024-08-20,2024-08-26,Süd,Kleidung,5,44.89,224.45
195,2024-06-28,2024-07-03,West,Sport,3,66.24,198.72
196,2024-04-22,2024-04-26,Nord,Sport,2,51.69,103.38
197,2024-11-13,2024-11-17,Süd,Sport,1,51.58,51.58
198,2024-02-21,2024-02-27,Mitte,Bücher,3,13.61,40.83
199,2024-09-24,2024-09-30,Nord,Haushalt,3,75.55,226.65
200,2024-10-21,2024-10-25,Nord,Haushalt,2,77.07,154.14
201,2024-04-22,2024-04-28,Nord,Elektronik,1,267.97,267.97
202,2024-04-10,2024-04-16,Nord,Bücher,1,12.34,12.34
203,2024-04-22,2024-04-28,Nord,Sport,5,48.83,244.15
204,2024-03-21,2024-03-28,Ost,Sport,3,57.41,172.23
205,2024-07-05,2024-07-09,Süd,Kleidung,1,43.15,43.15
206,2024-04-22,2024-04-26,Mitte,Kleidung,1,35.09,35.09
207,2024-01-02,2024-01-09,West,Sport,4,63.4,253.6
208,2024-05-09,2024-05-13,Süd,Sport,4,54.24,216.96
209,2024-08-07,2024-08-13,Süd,Bücher,1,17.32,17.32
210,2024-02-23,2024-02-26,Süd,Haushalt,5,92.66,463.3
211,2024-12-08,2024-12-17,Ost,Kleidung,1,36.76,36.76
212,2024-08-11,2024-08-16,Süd,Haushalt,2,71.36,142.72
213,2024-08-12,2024-08-19,Ost,Bücher,3,14.47,43.41
214,2024-05-05,2024-05-09,Süd,Sport,5,53.77,268.85
215,2024-05-09,2024-05-17,Ost,Haushalt,2,85.52,171.04
216,2024-02-22,2024-02-28,Süd,Sport,5,67.83,339.15
217,2024-06-20,2024-06-23,Süd,Sport,2,64.15,128.3
218,2024-08-05,2024-08-10,Mitte,Elektronik,3,282.44,847.32
219,2024-06-08,2024-06-14,West,Haushalt,3,76.7,230.1
220,2024-07-16,2024-07-22,Nord,Haushalt,4,69.0,276.0
221,2024-09-03,2024-09-07,Mitte,Sport,2,65.71,131.42
222,2024-11-19,2024-11-25,Süd,Bücher,4,14.16,56.64
223,2024-07-21,2024-07-26,Mitte,Elektronik,2,267.13,534.26
224,2024-07-02,2024-07-08,West,Sport,4,54.5,218.0
225,2024-05-02,2024-05-06,Süd,Kleidung,3,33.3,99.9
226,2024-09-11,2024-09-15,Nord,Kleidung,5,47.88,239.4
227,2024-10-20,2024-10-24,Süd,Elektronik,4,215.62,862.48
228,2024-10-06,2024-10-15,Ost,Bücher,2,17.93,35.86
229,2024-11-20,2024-11-27,Ost,Sport,2,71.45,142.9
230,2024-04-07,2024-04-12,Süd,Haushalt,3,89.4,268.2
231,2024-07-16,2024-07-21,Nord,Elektronik,2,265.94,531.88
232,2024-08-27,2024-08-31,West,Bücher,1,15.47,15.47
233,2024-05-23,2024-05-29,Mitte,Haushalt,5,91.72,458.6
234,2024-04-06,2024-04-12,Ost,Kleidung,4,36.63,146.52
235,2024-07-19,2024-07-24,Nord,Kleidung,5,39.48,197.4
236,2024-05-03,2024-05-06,Süd,Haushalt,3,83.82,251.46
237,2024-07-05,2024-07-10,Nord,Elektronik,4,241.12,964.48
238,2024-11-21,2024-11-24,Mitte,Kleidung,4,38.84,155.36
239,2024-12-14,2024-12-18,Nord,Sport,1,55.93,55.93
240,2024-09-15,2024-09-21,Ost,Haushalt,3,82.06,246.18
241,2024-05-27,2024-05-31,Süd,Haushalt,2,91.22,182.44
242,2024-09-08,2024-09-15,Ost,Kleidung,1,35.22,35.22
243,2024-12-11,2024-12-18,West,Elektronik,1,293.44,293.44
244,2024-05-26,2024-05-31,West,Sport,5,64.54,322.7
245,2024-05-27,2024-05-31,Nord,Elektronik,5,282.33,1411.65
246,2024-12-17,2024-12-20,Nord,Bücher,5,15.34,76.7
247,2024-07-17,2024-07-22,Nord,Bücher,1,16.68,16.68
248,2024-11-03,2024-11-09,Mitte,Kleidung,2,32.26,64.52
249,2024-05-07,2024-05-11,Mitte,Kleidung,4,45.09,180.36
250,2024-02-08,2024-02-17,Ost,Kleidung,5,32.64,163.2
251,2024-12-03,2024-12-09,Ost,Bücher,2,17.34,34.68
252,2024-12-25,2024-12-30,West,Elektronik,3,299.2,897.6
253,2024-05-08,2024-05-11,Nord,Elektronik,5,229.41,1147.05
254,2024-09-23,2024-09-29,Mitte,Kleidung,4,35.37,141.48
255,2024-05-30,2024-06-02,Süd,Sport,3,66.37,199.11
256,2024-10-24,2024-10-30,Süd,Elektronik,3,225.3,675.9
257,2024-04-08,2024-04-14,Ost,Bücher,4,17.19,68.76
258,2024-09-19,2024-09-25,Nord,Haushalt,5,67.29,336.45
259,2024-09-08,2024-09-13,Nord,Haushalt,1,68.03,68.03
260,2024-05-23,2024-05-27,West,Haushalt,4,95.33,381.32
261,2024-12-11,2024-12-14,Nord,Sport,4,64.17,256.68
262,2024-04-21,2024-04-29,Ost,Kleidung,4,45.55,182.2
263,2024-02-29,2024-03-05,Nord,Bücher,3,13.95,41.85
264,2024-01-02,2024-01-05,Süd,Sport,2,64.24,128.48
265,2024-10-30,2024-11-04,Süd,Bücher,1,15.57,15.57
266,2024-09-10,2024-09-14,Süd,Bücher,5,15.62,78.1
267,2024-05-19,2024-05-26,West,Kleidung,5,42.92,214.6
268,2024-02-06,2024-02-12,Süd,Haushalt,2,82.41,164.82
269,2024-06-08,2024-06-17,Ost,Kleidung,4,38.86,155.44
270,2024-01-09,2024-01-13,Süd,Sport,1,54.62,54.62
271,2024-08-20,2024-08-26,West,Sport,5,66.45,332.25
272,2024-04-08,2024-04-13,Mitte,Sport,5,53.43,267.15
273,2024-05-26,2024-05-30,West,Kleidung,4,43.08,172.32
274,2024-10-30,2024-11-04,Nord,Bücher,2,13.4,26.8
275,2024-07-26,2024-07-29,Nord,Bücher,1,15.75,15.75
276,2024-05-10,2024-05-14,Süd,Elektronik,2,274.71,549.42
277,2024-05-31,2024-06-09,Ost,Sport,2,53.25,106.5
278,2024-02-23,2024-02-29,Nord,Bücher,1,12.36,12.36
279,2024-04-29,2024-05-05,Süd,Elektronik,1,213.1,213.1
280,2024-06-09,2024-06-17,Ost,Bücher,5,15.64,78.2
281,2024-04-25,2024-04-28,Süd,Sport,5,68.39,341.95
282,2024-03-15,2024-03-19,West,Haushalt,1,65.44,65.44
283,2024-04-22,2024-04-26,Nord,Sport,3,65.62,196.86
284,2024-04-13,2024-04-18,Nord,Kleidung,5,37.46,187.3
285,2024-12-05,2024-12-10,West,Bücher,3,14.87,44.61
286,2024-09-10,2024-09-13,Süd,Bücher,1,17.57,17.57
287,2024-08-14,2024-08-18,West,Kleidung,5,37.31,186.55
288,2024-04-21,2024-04-27,Süd,Kleidung,2,39.45,78.9
289,2024-04-08,2024-04-13,Nord,Haushalt,1,64.44,64.44
290,2024-06-01,2024-06-05,West,Bücher,4,12.49,49.96
291,2024-12-14,2024-12-21,West,Bücher,3,13.55,40.65
292,2024-12-03,2024-12-09,West,Haushalt,1,64.89,64.89
293,2024-07-12,2024-07-16,Süd,Elektronik,1,263.14,263.14
294,2024-11-05,2024-11-13,Ost,Haushalt,5,77.64,388.2
295,2024-06-11,2024-06-16,Süd,Sport,5,61.16,305.8
296,2024-07-26,2024-07-29,Nord,Bücher,5,13.05,65.25
297,2024-06-17,2024-06-20,Mitte,Kleidung,4,36.73,146.92
298,2024-06-09,2024-06-14,Nord,Sport,5,63.93,319.65
299,2024-03-08,2024-03-11,Mitte,Bücher,1,17.79,17.79
300,2024-10-15,2024-10-18,Süd,Haushalt,5,65.61,328.05
301,2024-10-03,2024-10-06,Nord,Sport,2,69.37,138.74
302,2024-10-30,2024-11-08,Ost,Bücher,5,15.46,77.3
303,2024-05-14,2024-05-20,Mitte,Elektronik,4,256.39,1025.56
304,2024-07-13,2024-07-19,West,Elektronik,2,250.03,500.06
305,2024-05-07,2024-05-11,West,Kleidung,1,33.11,33.11
306,2024-02-02,2024-02-09,West,Bücher,1,12.54,12.54
307,2024-06-24,2024-06-30,West,Elektronik,3,260.09,780.27
308,2024-01-22,2024-01-26,West,Haushalt,2,74.91,149.82
309,2024-08-25,2024-08-29,Nord,Bücher,3,17.5,52.5
310,2024-06-06,2024-06-09,Süd,Haushalt,2,77.01,154.02
311,2024-02-07,2024-02-10,Nord,Haushalt,2,68.59,137.18
312,2024-08-17,2024-08-23,Mitte,Elektronik,4,271.47,1085.88
313,2024-12-30,2025-01-04,Mitte,Bücher,3,13.76,41.28
314,2024-02-20,2024-02-25,Nord,Sport,4,60.61,242.44
315,2024-09-20,2024-09-27,West,Elektronik,2,269.78,539.56
316,2024-10-09,2024-10-12,Mitte,Elektronik,1,290.03,290.03
317,2024-01-27,2024-01-31,Nord,Bücher,2,16.75,33.5
318,2024-08-13,2024-08-19,Ost,Bücher,4,16.06,64.24
319,2024-10-03,2024-10-06,Mitte,Haushalt,3,85.75,257.25
320,2024-10-12,2024-10-16,Nord,Bücher,3,17.68,53.04
321,2024-04-06,2024-04-13,West,Haushalt,4,73.47,293.88
322,2024-10-10,2024-10-15,Süd,Elektronik,3,200.11,600.33
323,2024-11-12,2024-11-18,Mitte,Kleidung,5,36.35,181.75
324,2024-10-30,2024-11-05,Mitte,Sport,1,53.23,53.23
325,2024-05-26,2024-05-29,Mitte,Elektronik,1,266.18,266.18
326,2024-01-04,2024-01-09,Süd,Bücher,1,15.8,15.8
327,2024-02-04,2024-02-09,Mitte,Sport,3,62.24,186.72
328,2024-07-10,2024-07-17,West,Kleidung,3,32.26,96.78
329,2024-02-18,2024-02-22,Süd,Kleidung,2,43.66,87.32
330,2024-01-17,2024-01-24,West,Haushalt,2,74.35,148.7
331,2024-06-20,2024-06-24,Nord,Sport,1,63.96,63.96
332,2024-08-07,2024-08-15,Ost,Haushalt,5,81.81,409.05
333,2024-06-06,2024-06-12,Nord,Elektronik,2,234.27,468.54
334,2024-02-15,2024-02-18,Nord,Sport,2,51.23,102.46
335,2024-01-06,2024-01-12,Nord,Elektronik,3,209.44,628.32
336,2024-04-08,2024-04-14,West,Haushalt,5,90.61,453.05
337,2024-08-20,2024-08-23,Süd,Sport,1,70.04,70.04
338,2024-02-06,2024-02-10,West,Haushalt,2,84.79,169.58
339,2024-10-06,2024-10-10,Nord,Sport,5,50.48,252.4
340,2024-12-14,2024-12-17,Süd,Haushalt,5,76.86,384.3
341,2024-10-28,2024-11-03,Ost,Kleidung,1,43.66,43.66
342,2024-06-29,2024-07-06,West,Haushalt,5,88.95,444.75
343,2024-04-04,2024-04-09,Süd,Kleidung,5,33.89,169.45
344,2024-04-08,2024-04-15,Ost,Haushalt,5,64.0,320.0
345,2024-07-06,2024-07-12,Mitte,Sport,2,65.09,130.18
346,2024-04-25,2024-05-01,Ost,Sport,1,56.56,56.56
347,2024-07-09,2024-07-12,Nord,Sport,5,54.11,270.55
348,2024-09-09,2024-09-13,Nord,Bücher,5,12.08,60.4
349,2024-06-09,2024-06-14,Mitte,Elektronik,2,254.03,508.06
350,2024-09-12,2024-09-16,Nord,Sport,1,68.43,68.43
351,2024-11-18,2024-11-24,Mitte,Kleidung,3,47.32,141.96
352,2024-05-07,2024-05-14,Ost,Sport,2,61.58,123.16
353,2024-01-18,2024-01-21,Mitte,Bücher,1,15.09,15.09
354,2024-10-07,2024-10-14,West,Kleidung,5,33.36,166.8
355,2024-08-10,2024-08-13,Mitte,Bücher,1,15.29,15.29
356,2024-02-23,2024-02-28,Süd,Kleidung,1,38.08,38.08
357,2024-02-27,2024-03-02,West,Haushalt,1,83.43,83.43
358,2024-11-18,2024-11-21,Süd,Elektronik,3,238.87,716.61
359,2024-12-25,2024-12-29,Süd,Elektronik,1,224.03,224.03
360,2024-06-22,2024-06-28,Ost,Bücher,3,12.57,37.71
361,2024-10-06,2024-10-12,Mitte,Elektronik,5,231.49,1157.45
362,2024-04-23,2024-04-29,Mitte,Bücher,3,12.58,37.74
363,2024-10-14,2024-10-20,West,Bücher,5,13.06,65.3
364,2024-12-07,2024-12-13,Süd,Bücher,5,17.92,89.6
365,2024-05-30,2024-06-03,Süd,Elektronik,3,244.41,733.23
366,2024-05-06,2024-05-12,West,Bücher,2,15.19,30.38
367,2024-06-03,2024-06-09,Nord,Elektronik,4,287.36,1149.44
368,2024-09-29,2024-10-03,Nord,Bücher,1,17.97,17.97
369,2024-04-13,2024-04-19,Süd,Sport,4,61.99,247.96
370,2024-10-25,2024-10-31,Süd,Bücher,1,16.87,16.87
371,2024-09-02,2024-09-05,Süd,Kleidung,1,37.23,37.23
372,2024-06-24,2024-06-30,Nord,Bücher,5,13.83,69.15
373,2024-02-08,2024-02-14,Nord,Haushalt,1,76.89,76.89
374,2024-06-18,2024-06-22,Nord,Bücher,1,16.04,16.04
375,2024-09-03,2024-09-07,Mitte,Kleidung,3,42.92,128.76
376,2024-01-26,2024-01-29,Süd,Kleidung,4,37.04,148.16
377,2024-12-20,2024-12-26,Süd,Elektronik,3,213.32,639.96
378,2024-11-01,2024-11-05,West,Sport,1,63.18,63.18
379,2024-01-13,2024-01-19,Nord,Bücher,5,12.77,63.85
380,2024-11-11,2024-11-16,Mitte,Elektronik,3,257.85,773.55
381,2024-11-08,2024-11-14,West,Sport,3,64.64,193.92
382,2024-02-05,2024-02-08,Nord,Bücher,2,16.2,32.4
383,2024-06-21,2024-06-24,Süd,Haushalt,1,88.11,88.11
384,2024-01-20,2024-01-23,Mitte,Bücher,5,17.24,86.2
385,2024-11-16,2024-11-20,Mitte,Kleidung,3,40.0,120.0
386,2024-09-20,2024-09-24,Süd,Kleidung,3,43.68,131.04
387,2024-05-21,2024-05-28,Ost,Haushalt,5,83.81,419.05
388,2024-05-22,2024-05-25,Nord,Elektronik,1,218.66,218.66
389,2024-04-01,2024-04-07,Mitte,Sport,2,48.62,97.24
390,2024-12-19,2024-12-24,Nord,Bücher,3,13.71,41.13
391,2024-11-17,2024-11-20,Mitte,Kleidung,2,39.09,78.18
392,2024-10-14,2024-10-21,Ost,Elektronik,4,261.71,1046.84
393,2024-08-02,2024-08-09,Ost,Haushalt,1,91.2,91.2
394,2024-12-07,2024-12-13,Ost,Kleidung,4,35.14,140.56
395,2024-02-20,2024-02-23,Nord,Haushalt,4,68.02,272.08
396,2024-06-01,2024-06-05,Nord,Bücher,4,17.78,71.12
397,2024-07-04,2024-07-10,Nord,Sport,1,50.59,50.59
398,2024-03-03,2024-03-07,Nord,Kleidung,1,39.66,39.66
399,2024-07-08,2024-07-13,West,Kleidung,5,41.37,206.85
400,2024-05-04,2024-05-07,Süd,Bücher,2,15.25,30.5
401,2024-05-29,2024-06-04,Nord,Elektronik,2,208.6,417.2
402,2024-11-09,2024-11-13,Mitte,Sport,5,49.37,246.85
403,2024-02-27,2024-03-02,Mitte,Kleidung,5,33.69,168.45
404,2024-12-07,2024-12-12,Mitte,Sport,4,62.05,248.2
405,2024-10-31,2024-11-03,Mitte,Kleidung,5,40.71,203.55
406,2024-06-28,2024-07-03,Nord,Sport,3,53.61,160.83
407,2024-06-18,2024-06-23,Süd,Haushalt,2,84.41,168.82
408,2024-11-21,2024-11-26,West,Kleidung,5,45.12,225.6
409,2024-09-27,2024-10-01,West,Sport,3,49.0,147.0
410,2024-02-23,2024-02-29,Nord,Elektronik,3,249.81,749.43
411,2024-04-10,2024-04-15,West,Haushalt,3,86.06,258.18
412,2024-09-20,2024-09-26,Nord,Haushalt,3,72.07,216.21
413,2024-02-22,2024-02-28,Nord,Elektronik,4,230.78,923.12
414,2024-02-29,2024-03-06,Ost,Sport,3,62.73,188.19
415,2024-04-17,2024-04-25,Ost,Bücher,4,17.39,69.56
416,2024-01-05,2024-01-11,Ost,Elektronik,4,280.99,1123.96
417,2024-04-12,2024-04-18,Nord,Sport,3,62.0,186.0
418,2024-07-14,2024-07-18,Mitte,Elektronik,2,273.02,546.04
419,2024-09-18,2024-09-24,Süd,Elektronik,3,236.48,709.44
420,2024-12-30,2025-01-03,Nord,Kleidung,3,42.26,126.78
421,2024-12-15,2024-12-19,Mitte,Sport,3,59.19,177.57
422,2024-02-16,2024-02-19,Mitte,Bücher,2,13.14,26.28
423,2024-12-20,2024-12-26,Mitte,Kleidung,1,43.23,43.23
424,2024-11-06,2024-11-12,West,Elektronik,1,255.65,255.65
425,2024-11-03,2024-11-10,West,Elektronik,4,235.86,943.44
426,2024-05-23,2024-06-01,Ost,Elektronik,4,291.13,1164.52
427,2024-09-25,2024-09-30,Nord,Sport,2,48.5,97.0
428,2024-05-03,2024-05-06,Süd,Sport,5,55.58,277.9
429,2024-04-15,2024-04-21,Süd,Kleidung,1,32.91,32.91
430,2024-06-06,2024-06-12,Süd,Bücher,4,16.6,66.4
431,2024-05-26,2024-05-31,West,Kleidung,1,43.23,43.23
432,2024-05-24,2024-05-30,Süd,Haushalt,2,74.6,149.2
433,2024-04-29,2024-05-04,Nord,Elektronik,2,267.57,535.14
434,2024-11-14,2024-11-18,Nord,Elektronik,5,239.59,1197.95
435,2024-10-01,2024-10-05,West,Elektronik,5,275.63,1378.15
436,2024-04-01,2024-04-05,Nord,Kleidung,2,39.27,78.54
437,2024-02-27,2024-03-03,Mitte,Kleidung,4,38.6,154.4
438,2024-12-11,2024-12-16,Süd,Elektronik,1,293.47,293.47
439,2024-08-16,2024-08-20,Süd,Kleidung,3,36.01,108.03
440,2024-04-26,2024-05-02,Ost,Sport,5,50.89,254.45
441,2024-11-13,2024-11-18,West,Sport,3,62.03,186.09
442,2024-10-05,2024-10-08,Süd,Kleidung,4,47.51,190.04
443,2024-05-06,2024-05-11,West,Elektronik,5,237.78,1188.9
444,2024-05-08,2024-05-16,Ost,Kleidung,3,32.99,98.97
445,2024-02-27,2024-03-04,Süd,Kleidung,4,37.43,149.72
446,2024-05-01,2024-05-07,Mitte,Kleidung,1,40.09,40.09
447,2024-01-01,2024-01-05,West,Haushalt,4,69.18,276.72
448,2024-08-26,2024-08-30,West,Sport,5,63.79,318.95
449,2024-10-16,2024-10-19,Mitte,Bücher,2,17.99,35.98
450,2024-04-05,2024-04-10,Mitte,Bücher,1,14.71,14.71
451,2024-05-05,2024-05-10,West,Haushalt,3,75.35,226.05
452,2024-04-27,2024-05-03,West,Kleidung,5,38.41,192.05
453,2024-02-17,2024-02-24,West,Haushalt,2,67.68,135.36
454,2024-03-29,2024-04-02,West,Haushalt,4,92.26,369.04
455,2024-08-24,2024-08-31,Ost,Elektronik,2,241.48,482.96
456,2024-09-28,2024-10-05,West,Sport,5,57.29,286.45
457,2024-07-07,2024-07-13,Nord,Bücher,5,15.96,79.8
458,2024-07-10,2024-07-16,Mitte,Kleidung,2,39.07,78.14
459,2024-03-09,2024-03-14,Mitte,Bücher,4,15.89,63.56
460,2024-10-04,2024-10-07,Nord,Bücher,2,12.37,24.74
461,2024-12-14,2024-12-21,West,Sport,5,67.53,337.65
462,2024-09-03,2024-09-06,Nord,Bücher,5,17.64,88.2
463,2024-03-16,2024-03-21,Süd,Bücher,3,15.89,47.67
464,2024-06-02,2024-06-09,West,Haushalt,3,94.55,283.65
465,2024-05-23,2024-05-28,Nord,Sport,1,51.63,51.63
466,2024-03-26,2024-04-01,West,Elektronik,5,247.74,1238.7
467,2024-07-03,2024-07-07,West,Kleidung,3,41.63,124.89
468,2024-10-11,2024-10-20,Ost,Bücher,2,15.49,30.98
469,2024-08-07,2024-08-12,Nord,Kleidung,4,38.42,153.68
470,2024-03-09,2024-03-15,Süd,Elektronik,2,233.81,467.62
471,2024-02-16,2024-02-22,Ost,Kleidung,4,34.03,136.12
472,2024-04-03,2024-04-08,Mitte,Elektronik,3,239.17,717.51
473,2024-08-25,2024-08-31,Ost,Haushalt,1,69.21,69.21
474,2024-07-22,2024-07-28,Süd,Bücher,2,16.41,32.82
475,2024-08-05,2024-08-14,Ost,Elektronik,2,220.88,441.76
476,2024-12-06,2024-12-12,Ost,Kleidung,2,32.94,65.88
477,2024-02-08,2024-02-13,West,Bücher,4,15.31,61.24
478,2024-04-09,2024-04-14,Nord,Haushalt,3,83.05,249.15
479,2024-10-15,2024-10-22,West,Bücher,2,17.23,34.46
480,2024-09-10,2024-09-19,Ost,Elektronik,2,257.7,515.4
481,2024-08-09,2024-08-14,Mitte,Haushalt,1,75.06,75.06
482,2024-12-22,2024-12-25,Süd,Kleidung,1,44.85,44.85
483,2024-01-23,2024-01-29,Ost,Haushalt,3,81.29,243.87
484,2024-09-06,2024-09-09,Mitte,Haushalt,3,66.54,199.62
485,2024-01-10,2024-01-14,Nord,Sport,5,61.58,307.9
486,2024-09-02,2024-09-06,Mitte,Haushalt,1,93.06,93.06
487,2024-11-20,2024-11-27,West,Haushalt,5,76.68,383.4
488,2024-04-09,2024-04-12,Nord,Bücher,4,13.78,55.12
489,2024-10-16,2024-10-21,Süd,Kleidung,5,34.3,171.5
490,2024-06-28,2024-07-05,West,Bücher,2,12.91,25.82
491,2024-08-10,2024-08-15,Nord,Bücher,5,14.6,73.0
492,2024-09-06,2024-09-15,Ost,Elektronik,3,259.57,778.71
493,2024-05-26,2024-05-30,Süd,Bücher,4,12.48,49.92
494,2024-04-05,2024-04-14,Ost,Sport,2,70.55,141.1
495,2024-09-13,2024-09-17,Nord,Sport,5,66.12,330.6
496,2024-11-20,2024-11-26,Mitte,Elektronik,4,258.66,1034.64
497,2024-01-04,2024-01-07,Mitte,Kleidung,4,45.26,181.04
498,2024-01-16,2024-01-21,Mitte,Kleidung,2,33.28,66.56
499,2024-10-06,2024-10-10,West,Bücher,5,14.86,74.3
500,2024-12-01,2024-12-07,Nord,Bücher,4,15.78,63.12
501,2024-09-03,2024-09-10,West,Bücher,4,16.97,67.88
502,2024-09-14,2024-09-20,Nord,Kleidung,1,44.54,44.54
503,2024-06-08,2024-06-12,Nord,Haushalt,4,72.87,291.48
504,2024-12-05,2024-12-10,Süd,Sport,1,70.58,70.58
505,2024-05-31,2024-06-05,Süd,Haushalt,5,67.98,339.9
506,2024-06-26,2024-07-03,West,Haushalt,5,92.0,460.0
507,2024-06-11,2024-06-18,West,Kleidung,5,47.54,237.7
508,2024-02-02,2024-02-06,Süd,Haushalt,3,69.67,209.01
509,2024-06-27,2024-06-30,Süd,Elektronik,5,272.21,1361.05
510,2024-04-10,2024-04-13,Mitte,Bücher,4,12.24,48.96
511,2024-09-24,2024-09-29,Süd,Elektronik,2,240.54,481.08
512,2024-11-18,2024-11-22,Süd,Sport,1,60.39,60.39
513,2024-03-05,2024-03-11,Nord,Bücher,3,15.48,46.44
514,2024-06-16,2024-06-22,West,Haushalt,5,93.95,469.75
515,2024-11-25,2024-11-30,West,Sport,5,64.13,320.65
516,2024-02-12,2024-02-15,Nord,Bücher,2,14.89,29.78
517,2024-02-13,2024-02-17,Nord,Haushalt,2,89.91,179.82
518,2024-10-11,2024-10-15,West,Elektronik,3,295.05,885.15
519,2024-01-12,2024-01-17,West,Bücher,1,12.13,12.13
520,2024-04-04,2024-04-09,Süd,Haushalt,5,95.44,477.2
521,2024-10-28,2024-10-31,Mitte,Elektronik,3,208.61,625.83
522,2024-09-09,2024-09-14,Nord,Sport,4,67.55,270.2
523,2024-08-29,2024-09-03,Süd,Sport,4,54.73,218.92
524,2024-02-04,2024-02-07,Mitte,Sport,3,51.17,153.51
525,2024-08-02,2024-08-05,Süd,Sport,5,58.56,292.8
526,2024-12-02,2024-12-11,Ost,Kleidung,3,42.3,126.9
527,2024-03-30,2024-04-05,Süd,Bücher,5,14.29,71.45
528,2024-09-20,2024-09-26,Süd,Bücher,2,12.33,24.66
529,2024-04-02,2024-04-07,Mitte,Kleidung,3,41.59,124.77
530,2024-03-30,2024-04-04,Süd,Haushalt,5,92.88,464.4
531,2024-04-24,2024-04-30,Mitte,Haushalt,3,76.26,228.78
532,2024-04-14,2024-04-19,Nord,Sport,3,53.19,159.57
533,2024-07-14,2024-07-19,Nord,Elektronik,5,244.26,1221.3
534,2024-11-09,2024-11-12,Nord,Haushalt,5,65.55,327.75
535,2024-04-23,2024-04-27,West,Elektronik,1,282.05,282.05
536,2024-03-15,2024-03-20,Süd,Bücher,3,16.96,50.88
537,2024-08-04,2024-08-10,Mitte,Elektronik,4,258.8,1035.2
538,2024-10-03,2024-10-07,Süd,Bücher,3,14.12,42.36
539,2024-09-05,2024-09-11,Mitte,Kleidung,3,44.8,134.4
540,2024-06-12,2024-06-16,Nord,Kleidung,5,40.87,204.35
541,2024-12-22,2024-12-28,Mitte,Sport,3,67.82,203.46
542,2024-07-10,2024-07-14,West,Haushalt,3,84.21,252.63
543,2024-08-14,2024-08-20,West,Sport,4,66.83,267.32
544,2024-06-25,2024-07-01,West,Bücher,5,15.59,77.95
545,2024-04-08,2024-04-12,West,Sport,3,57.94,173.82
546,2024-02-05,2024-02-12,Ost,Elektronik,2,295.79,591.58
547,2024-04-05,2024-04-09,Nord,Bücher,1,15.25,15.25
548,2024-05-31,2024-06-04,Nord,Kleidung,4,41.68,166.72
549,2024-05-30,2024-06-02,Mitte,Haushalt,3,71.06,213.18
550,2024-07-08,2024-07-15,Ost,Bücher,2,15.75,31.5
551,2024-08-11,2024-08-15,West,Bücher,3,15.43,46.29
552,2024-02-06,2024-02-12,Süd,Elektronik,3,218.48,655.44
553,2024-09-24,2024-09-30,Nord,Haushalt,5,65.91,329.55
554,2024-07-01,2024-07-04,Nord,Kleidung,5,41.67,208.35
555,2024-01-13,2024-01-19,West,Bücher,5,16.58,82.9
556,2024-10-05,2024-10-11,Süd,Bücher,2,15.14,30.28
557,2024-08-04,2024-08-08,Nord,Elektronik,3,222.68,668.04
558,2024-12-20,2024-12-23,Süd,Sport,1,64.0,64.0
559,2024-12-26,2024-12-30,Nord,Kleidung,4,33.28,133.12
560,2024-10-12,2024-10-19,Ost,Haushalt,5,78.14,390.7
561,2024-09-29,2024-10-04,Süd,Bücher,5,12.98,64.9
562,2024-03-02,2024-03-07,West,Bücher,3,13.11,39.33
563,2024-03-24,2024-03-29,Süd,Kleidung,3,35.24,105.72
564,2024-08-04,2024-08-10,Süd,Sport,2,57.28,114.56
565,2024-12-07,2024-12-10,Nord,Bücher,2,12.31,24.62
566,2024-07-05,2024-07-09,Nord,Kleidung,5,38.36,191.8
567,2024-01-19,2024-01-22,Süd,Elektronik,3,251.17,753.51
568,2024-06-25,2024-06-29,Süd,Sport,1,59.6,59.6
569,2024-04-09,2024-04-15,Ost,Haushalt,4,76.25,305.0
570,2024-08-20,2024-08-24,Süd,Bücher,3,17.03,51.09
571,2024-03-16,2024-03-21,West,Kleidung,3,34.33,102.99
572,2024-09-21,2024-09-25,Mitte,Elektronik,2,250.57,501.14
573,2024-10-10,2024-10-15,West,Haushalt,4,65.99,263.96
574,2024-07-24,2024-07-28,Nord,Kleidung,5,33.14,165.7
575,2024-08-10,2024-08-14,Süd,Kleidung,3,41.18,123.54
576,2024-02-21,2024-02-25,Nord,Haushalt,5,82.11,410.55
577,2024-12-04,2024-12-08,Nord,Elektronik,3,287.8,863.4
578,2024-05-23,2024-05-27,Mitte,Elektronik,5,255.79,1278.95
579,2024-03-09,2024-03-12,Nord,Sport,4,71.03,284.12
580,2024-04-08,2024-04-13,Süd,Bücher,2,12.29,24.58
581,2024-01-25,2024-02-01,Ost,Haushalt,4,67.14,268.56
582,2024-02-22,2024-02-28,West,Haushalt,1,65.41,65.41
583,2024-05-30,2024-06-06,Ost,Haushalt,2,69.93,139.86
584,2024-05-23,2024-05-27,Nord,Elektronik,4,254.13,1016.52
585,2024-02-26,2024-02-29,Süd,Bücher,1,15.87,15.87
586,2024-02-08,2024-02-17,Ost,Sport,3,49.09,147.27
587,2024-04-18,2024-04-24,Nord,Kleidung,3,47.14,141.42
588,2024-06-29,2024-07-02,Süd,Kleidung,5,45.47,227.35
589,2024-02-11,2024-02-16,Nord,Haushalt,2,73.49,146.98
590,2024-07-04,2024-07-10,Nord,Bücher,3,12.46,37.38
591,2024-08-10,2024-08-13,Süd,Elektronik,2,216.99,433.98
592,2024-05-01,2024-05-04,Nord,Bücher,3,12.76,38.28
593,2024-05-12,2024-05-21,Ost,Bücher,5,12.74,63.7
594,2024-06-11,2024-06-17,West,Elektronik,4,251.86,1007.44
595,2024-08-02,2024-08-06,West,Haushalt,5,71.87,359.35
596,2024-08-08,2024-08-12,Nord,Bücher,1,14.15,14.15
597,2024-08-22,2024-08-27,Nord,Kleidung,3,47.83,143.49
598,2024-11-26,2024-12-01,Nord,Elektronik,1,268.43,268.43
599,2024-05-25,2024-06-03,Ost,Sport,1,70.78,70.78
600,2024-08-26,2024-09-02,West,Haushalt,2,68.56,137.12
601,2024-03-16,2024-03-20,Nord,Elektronik,3,238.21,714.63
602,2024-01-09,2024-01-12,Mitte,Sport,1,61.31,61.31
603,2024-03-14,2024-03-20,Nord,Sport,4,49.84,199.36
604,2024-09-09,2024-09-18,Ost,Bücher,1,12.03,12.03
605,2024-08-17,2024-08-23,West,Bücher,4,16.02,64.08
606,2024-01-07,2024-01-13,Mitte,Bücher,2,15.85,31.7
607,2024-06-22,2024-06-29,West,Elektronik,1,241.08,241.08
608,2024-05-20,2024-05-27,West,Elektronik,5,248.96,1244.8
609,2024-06-16,2024-06-22,Süd,Haushalt,2,77.29,154.58
610,2024-06-18,2024-06-24,West,Bücher,4,12.14,48.56
611,2024-10-09,2024-10-13,Nord,Sport,2,56.05,112.1
612,2024-05-01,2024-05-05,Mitte,Kleidung,1,34.83,34.83
613,2024-07-12,2024-07-18,Ost,Haushalt,3,67.15,201.45
614,2024-01-05,2024-01-12,West,Elektronik,3,295.67,887.01
615,2024-01-29,2024-02-03,Süd,Haushalt,4,83.18,332.72
616,2024-06-13,2024-06-19,Ost,Haushalt,4,87.32,349.28
617,2024-12-04,2024-12-10,Ost,Haushalt,3,74.09,222.27
618,2024-05-15,2024-05-20,West,Haushalt,4,76.58,306.32
619,2024-12-30,2025-01-04,Nord,Kleidung,2,35.79,71.58
620,2024-11-16,2024-11-21,Nord,Bücher,5,12.58,62.9
621,2024-12-07,2024-12-12,Nord,Sport,5,52.3,261.5
622,2024-05-24,2024-05-28,Nord,Haushalt,2,89.52,179.04
623,2024-11-22,2024-11-26,Mitte,Haushalt,5,85.68,428.4
624,2024-08-04,2024-08-08,Nord,Haushalt,1,81.5,81.5
625,2024-10-27,2024-10-31,Mitte,Bücher,2,14.85,29.7
626,2024-05-11,2024-05-15,Süd,Elektronik,4,292.24,1168.96
627,2024-10-18,2024-10-24,Nord,Elektronik,2,207.27,414.54
628,2024-03-10,2024-03-17,West,Kleidung,3,36.49,109.47
629,2024-09-08,2024-09-14,West,Elektronik,4,234.99,939.96
630,2024-10-01,2024-10-04,Süd,Haushalt,3,89.04,267.12
631,2024-12-29,2025-01-06,Ost,Haushalt,4,95.76,383.04
632,2024-06-30,2024-07-04,West,Haushalt,5,71.7,358.5
633,2024-06-15,2024-06-19,Nord,Kleidung,2,45.99,91.98
634,2024-03-31,2024-04-03,Mitte,Haushalt,1,90.58,90.58
635,2024-07-20,2024-07-25,Mitte,Elektronik,4,222.47,889.88
636,2024-12-11,2024-12-17,West,Bücher,4,14.4,57.6
637,2024-01-19,2024-01-22,Nord,Bücher,3,14.46,43.38
638,2024-02-08,2024-02-15,West,Sport,5,71.48,357.4
639,2024-05-05,2024-05-09,Nord,Elektronik,3,218.09,654.27
640,2024-06-21,2024-06-25,Nord,Haushalt,3,89.57,268.71
641,2024-05-20,2024-05-25,Süd,Bücher,5,14.01,70.05
642,2024-08-29,2024-09-04,Süd,Elektronik,1,273.09,273.09
643,2024-08-07,2024-08-10,Mitte,Bücher,3,14.52,43.56
644,2024-05-05,2024-05-10,West,Haushalt,3,82.51,247.53
645,2024-02-27,2024-03-05,West,Bücher,4,17.0,68.0
646,2024-05-27,2024-05-31,Süd,Sport,5,67.3,336.5
647,2024-11-12,2024-11-18,Süd,Sport,2,68.79,137.58
648,2024-12-26,2025-01-01,Süd,Bücher,1,12.36,12.36
649,2024-01-01,2024-01-06,Mitte,Elektronik,1,269.21,269.21
650,2024-12-13,2024-12-17,Nord,Elektronik,5,214.0,1070.0
651,2024-07-08,2024-07-11,Mitte,Elektronik,4,241.58,966.32
652,2024-07-09,2024-07-17,Ost,Bücher,4,15.29,61.16
653,2024-11-07,2024-11-12,Süd,Elektronik,5,240.27,1201.35
654,2024-04-26,2024-04-30,West,Haushalt,4,80.63,322.52
655,2024-05-13,2024-05-18,Süd,Sport,1,71.92,71.92
656,2024-02-27,2024-03-04,Mitte,Haushalt,1,68.33,68.33
657,2024-02-13,2024-02-19,Mitte,Elektronik,2,267.55,535.1
658,2024-06-21,2024-06-25,Süd,Haushalt,5,76.67,383.35
659,2024-06-08,2024-06-12,Süd,Elektronik,3,213.3,639.9
660,2024-06-21,2024-06-27,Ost,Bücher,3,12.95,38.85
661,2024-11-12,2024-11-16,Mitte,Haushalt,2,94.38,188.76
662,2024-10-29,2024-11-04,Nord,Bücher,2,17.28,34.56
663,2024-05-28,2024-06-03,Ost,Bücher,4,17.44,69.76
664,2024-03-20,2024-03-26,Ost,Kleidung,2,47.86,95.72
665,2024-07-31,2024-08-05,West,Elektronik,2,220.83,441.66
666,2024-07-21,2024-07-27,Nord,Sport,3,56.53,169.59
667,2024-09-08,2024-09-12,West,Elektronik,4,266.92,1067.68
668,2024-08-16,2024-08-22,Mitte,Sport,2,59.61,119.22
669,2024-06-12,2024-06-18,Nord,Elektronik,2,241.84,483.68
670,2024-08-14,2024-08-20,Nord,Bücher,4,14.15,56.6
671,2024-05-26,2024-05-30,Mitte,Haushalt,5,83.0,415.0
672,2024-01-20,2024-01-25,Nord,Haushalt,4,82.42,329.68
673,2024-02-16,2024-02-21,Mitte,Kleidung,3,34.58,103.74
674,2024-08-20,2024-08-23,Süd,Sport,5,59.32,296.6
675,2024-10-31,2024-11-06,Nord,Sport,1,61.28,61.28
676,2024-01-14,2024-01-18,Mitte,Sport,4,61.69,246.76
677,2024-05-22,2024-05-28,Süd,Bücher,3,13.26,39.78
678,2024-01-01,2024-01-10,Ost,Sport,5,65.81,329.05
679,2024-02-23,2024-02-27,Süd,Haushalt,4,64.81,259.24
680,2024-09-15,2024-09-23,Ost,Bücher,2,14.13,28.26
681,2024-05-23,2024-05-29,Nord,Elektronik,4,278.02,1112.08
682,2024-01-12,2024-01-18,Süd,Sport,1,61.53,61.53
683,2024-11-25,2024-11-30,Mitte,Sport,4,54.27,217.08
684,2024-08-11,2024-08-15,Süd,Elektronik,5,269.5,1347.5
685,2024-09-28,2024-10-02,West,Sport,5,61.62,308.1
686,2024-12-23,2024-12-28,Süd,Elektronik,4,279.62,1118.48
687,2024-06-04,2024-06-08,West,Bücher,5,16.41,82.05
688,2024-01-08,2024-01-11,Nord,Haushalt,2,83.52,167.04
689,2024-05-01,2024-05-06,Mitte,Elektronik,4,248.82,995.28
690,2024-12-13,2024-12-19,Süd,Kleidung,2,34.13,68.26
691,2024-06-12,2024-06-15,Nord,Elektronik,2,226.13,452.26
692,2024-03-30,2024-04-02,Nord,Sport,3,58.06,174.18
693,2024-05-15,2024-05-19,Nord,Bücher,4,15.6,62.4
694,2024-07-04,2024-07-13,Ost,Bücher,5,15.08,75.4
695,2024-11-11,2024-11-14,Süd,Elektronik,2,228.82,457.64
696,2024-06-26,2024-07-01,West,Haushalt,3,64.21,192.63
697,2024-01-28,2024-02-03,Süd,Kleidung,4,39.94,159.76
698,2024-08-07,2024-08-12,Nord,Bücher,4,13.71,54.84
699,2024-12-22,2024-12-30,Ost,Sport,1,65.63,65.63
700,2024-02-10,2024-02-15,West,Sport,1,48.57,48.57
701,2024-08-15,2024-08-20,Nord,Haushalt,2,82.71,165.42
702,2024-07-10,2024-07-13,Nord,Bücher,1,17.65,17.65
703,2024-05-24,2024-05-30,Nord,Elektronik,2,217.44,434.88
704,2024-07-19,2024-07-23,West,Sport,5,59.32,296.6
705,2024-07-30,2024-08-03,West,Haushalt,2,66.93,133.86
706,2024-08-07,2024-08-12,Süd,Bücher,1,15.75,15.75
707,2024-08-27,2024-08-31,West,Bücher,5,15.3,76.5
708,2024-02-15,2024-02-21,West,Bücher,1,14.44,14.44
709,2024-02-04,2024-02-13,Ost,Bücher,2,15.13,30.26
710,2024-09-09,2024-09-15,Mitte,Bücher,3,17.38,52.14
711,2024-03-22,2024-03-25,Nord,Sport,4,52.71,210.84
712,2024-09-12,2024-09-16,Nord,Haushalt,1,64.72,64.72
713,2024-07-15,2024-07-20,Süd,Bücher,2,17.17,34.34
714,2024-10-29,2024-11-03,Nord,Kleidung,5,41.23,206.15
715,2024-01-10,2024-01-16,Ost,Kleidung,1,46.25,46.25
716,2024-11-07,2024-11-12,Mitte,Haushalt,1,83.1,83.1
717,2024-10-12,2024-10-17,Nord,Elektronik,4,281.02,1124.08
718,2024-08-29,2024-09-02,Nord,Elektronik,2,242.97,485.94
719,2024-09-07,2024-09-11,Süd,Elektronik,3,274.99,824.97
720,2024-12-30,2025-01-02,Mitte,Kleidung,5,46.61,233.05
721,2024-01-05,2024-01-09,Süd,Elektronik,2,257.21,514.42
722,2024-04-28,2024-05-04,Ost,Sport,5,52.34,261.7
723,2024-10-15,2024-10-21,Nord,Bücher,1,13.61,13.61
724,2024-03-05,2024-03-08,Nord,Kleidung,4,35.18,140.72
725,2024-05-25,2024-05-31,Mitte,Haushalt,4,71.9,287.6
726,2024-08-11,2024-08-14,Mitte,Haushalt,3,73.81,221.43
727,2024-08-26,2024-08-31,Nord,Bücher,4,15.33,61.32
728,2024-06-25,2024-06-29,Mitte,Kleidung,1,41.41,41.41
729,2024-09-23,2024-10-02,Ost,Elektronik,3,242.65,727.95
730,2024-12-06,2024-12-09,Mitte,Elektronik,2,261.54,523.08
731,2024-10-08,2024-10-12,Süd,Sport,4,49.96,199.84
732,2024-03-03,2024-03-09,Ost,Sport,3,50.11,150.33
733,2024-08-04,2024-08-08,Süd,Elektronik,1,217.18,217.18
734,2024-12-07,2024-12-12,West,Haushalt,5,80.58,402.9
735,2024-11-10,2024-11-13,Nord,Haushalt,5,70.85,354.25
736,2024-10-09,2024-10-15,Nord,Sport,1,54.8,54.8
737,2024-06-25,2024-07-01,Süd,Bücher,1,14.4,14.4
738,2024-04-07,2024-04-13,West,Elektronik,5,281.19,1405.95
739,2024-04-14,2024-04-18,Nord,Sport,3,48.33,144.99
740,2024-04-08,2024-04-14,West,Sport,5,63.59,317.95
741,2024-11-06,2024-11-11,Mitte,Elektronik,1,266.89,266.89
742,2024-01-06,2024-01-09,Nord,Elektronik,4,279.87,1119.48
743,2024-07-15,2024-07-19,West,Haushalt,2,93.85,187.7
744,2024-12-16,2024-12-19,Süd,Bücher,4,12.12,48.48
745,2024-05-12,2024-05-16,Mitte,Bücher,4,12.92,51.68
746,2024-12-23,2024-12-26,Nord,Elektronik,1,288.62,288.62
747,2024-09-15,2024-09-19,West,Kleidung,5,39.34,196.7
748,2024-01-23,2024-01-28,West,Sport,3,61.55,184.65
749,2024-02-22,2024-02-26,Mitte,Sport,4,63.91,255.64
750,2024-06-13,2024-06-20,West,Elektronik,5,267.91,1339.55
751,2024-07-20,2024-07-23,Süd,Kleidung,3,46.91,140.73
752,2024-03-23,2024-03-29,Ost,Haushalt,4,95.9,383.6
753,2024-05-24,2024-05-27,Mitte,Elektronik,3,272.02,816.06
754,2024-03-25,2024-04-03,Ost,Elektronik,5,228.72,1143.6
755,2024-03-18,2024-03-21,Nord,Sport,2,69.11,138.22
756,2024-01-01,2024-01-07,Mitte,Elektronik,5,204.92,1024.6
757,2024-02-20,2024-02-26,West,Elektronik,1,223.11,223.11
758,2024-06-21,2024-06-28,West,Elektronik,3,289.74,869.22
759,2024-07-23,2024-07-28,Nord,Sport,2,54.15,108.3
760,2024-09-16,2024-09-20,West,Haushalt,3,71.06,213.18
761,2024-10-14,2024-10-19,Süd,Haushalt,3,68.42,205.26
762,2024-02-03,2024-02-10,West,Elektronik,4,285.91,1143.64
763,2024-12-13,2024-12-17,Nord,Sport,1,60.0,60.0
764,2024-04-04,2024-04-10,West,Haushalt,3,85.6,256.8
765,2024-03-12,2024-03-17,Mitte,Haushalt,5,71.65,358.25
766,2024-02-08,2024-02-11,Nord,Haushalt,5,88.26,441.3
767,2024-06-02,2024-06-08,Mitte,Sport,4,66.24,264.96
768,2024-09-06,2024-09-11,Süd,Sport,1,55.5,55.5
769,2024-06-10,2024-06-15,Mitte,Elektronik,1,241.07,241.07
770,2024-04-27,2024-05-03,West,Bücher,5,13.26,66.3
771,2024-09-15,2024-09-23,Ost,Haushalt,2,95.25,190.5
772,2024-11-01,2024-11-06,West,Bücher,4,15.87,63.48
773,2024-09-24,2024-09-30,Mitte,Sport,4,70.43,281.72
774,2024-02-23,2024-02-26,Süd,Sport,5,55.28,276.4
775,2024-08-23,2024-08-26,Süd,Sport,5,66.77,333.85
776,2024-08-09,2024-08-14,West,Bücher,2,16.6,33.2
777,2024-09-07,2024-09-14,West,Sport,2,64.6,129.2
778,2024-11-08,2024-11-14,West,Elektronik,1,296.56,296.56
779,2024-04-21,2024-04-26,West,Sport,4,57.45,229.8
780,2024-09-11,2024-09-17,Süd,Kleidung,4,34.09,136.36
781,2024-10-29,2024-11-04,West,Bücher,5,16.03,80.15
782,2024-07-25,2024-07-29,Nord,Kleidung,1,43.67,43.67
783,2024-08-16,2024-08-25,Ost,Sport,4,61.8,247.2
784,2024-12-06,2024-12-09,Nord,Elektronik,1,220.68,220.68
785,2024-03-06,2024-03-09,Süd,Haushalt,1,80.14,80.14
786,2024-03-15,2024-03-21,Süd,Sport,5,55.49,277.45
787,2024-04-12,2024-04-15,Süd,Elektronik,1,242.75,242.75
788,2024-07-10,2024-07-17,West,Bücher,2,15.87,31.74
789,2024-09-08,2024-09-13,Süd,Kleidung,2,43.92,87.84
790,2024-08-13,2024-08-19,Süd,Kleidung,3,35.72,107.16
791,2024-10-20,2024-10-25,Nord,Kleidung,5,38.49,192.45
792,2024-11-01,2024-11-05,Süd,Bücher,3,13.61,40.83
793,2024-04-07,2024-04-13,Nord,Elektronik,2,219.86,439.72
794,2024-12-03,2024-12-07,Nord,Bücher,3,16.7,50.1
795,2024-10-12,2024-10-18,Ost,Kleidung,5,46.55,232.75
796,2024-11-30,2024-12-06,West,Sport,5,56.89,284.45
797,2024-12-12,2024-12-21,Ost,Haushalt,1,88.04,88.04
798,2024-11-03,2024-11-07,Süd,Bücher,4,17.38,69.52
799,2024-09-05,2024-09-10,Süd,Bücher,1,17.08,17.08
800,2024-06-14,2024-06-19,Mitte,Elektronik,5,218.28,1091.4
801,2024-11-30,2024-12-06,Ost,Elektronik,2,295.63,591.26
802,2024-01-30,2024-02-02,Süd,Bücher,2,14.26,28.52
803,2024-09-03,2024-09-08,Nord,Kleidung,1,37.43,37.43
804,2024-04-15,2024-04-20,Süd,Haushalt,5,66.0,330.0
805,2024-02-20,2024-02-26,Süd,Elektronik,2,248.62,497.24
806,2024-03-21,2024-03-26,Süd,Kleidung,5,33.74,168.7
807,2024-05-12,2024-05-21,Ost,Sport,2,53.96,107.92
808,2024-10-11,2024-10-19,Ost,Elektronik,5,231.69,1158.45
809,2024-05-17,2024-05-23,Ost,Kleidung,3,44.94,134.82
810,2024-07-02,2024-07-09,West,Kleidung,5,46.01,230.05
811,2024-11-25,2024-11-30,West,Haushalt,5,73.68,368.4
812,2024-09-29,2024-10-03,West,Haushalt,1,91.48,91.48
813,2024-12-05,2024-12-11,Mitte,Sport,3,68.57,205.71
814,2024-03-09,2024-03-15,Nord,Kleidung,4,44.23,176.92
815,2024-02-03,2024-02-07,Nord,Kleidung,1,34.35,34.35
816,2024-09-18,2024-09-24,Nord,Haushalt,4,86.09,344.36
817,2024-02-22,2024-03-01,Ost,Elektronik,2,294.5,589.0
818,2024-07-23,2024-07-27,Mitte,Elektronik,4,268.25,1073.0
819,2024-05-05,2024-05-08,Nord,Bücher,5,13.99,69.95
820,2024-08-22,2024-08-25,Mitte,Haushalt,4,80.02,320.08
821,2024-02-12,2024-02-17,Nord,Bücher,1,15.87,15.87
822,2024-08-27,2024-08-30,Mitte,Haushalt,1,80.34,80.34
823,2024-04-20,2024-04-26,Süd,Sport,4,50.88,203.52
824,2024-09-05,2024-09-11,Nord,Kleidung,1,36.99,36.99
825,2024-05-30,2024-06-04,Süd,Sport,1,67.26,67.26
826,2024-07-01,2024-07-04,Süd,Haushalt,4,91.57,366.28
827,2024-12-01,2024-12-04,Süd,Kleidung,3,34.2,102.6
828,2024-04-04,2024-04-09,Süd,Elektronik,3,295.24,885.72
829,2024-01-08,2024-01-13,West,Elektronik,2,232.88,465.76
830,2024-12-25,2024-12-31,Ost,Bücher,1,15.97,15.97
831,2024-07-02,2024-07-06,Süd,Haushalt,4,88.06,352.24
832,2024-10-07,2024-10-13,Ost,Haushalt,1,89.98,89.98
833,2024-07-13,2024-07-17,West,Elektronik,5,294.57,1472.85
834,2024-12-17,2024-12-20,Süd,Sport,1,55.51,55.51
835,2024-07-13,2024-07-16,Süd,Kleidung,1,45.74,45.74
836,2024-06-03,2024-06-09,Nord,Sport,3,51.16,153.48
837,2024-04-02,2024-04-06,Nord,Sport,4,64.92,259.68
838,2024-06-08,2024-06-13,West,Elektronik,1,274.2,274.2
839,2024-03-01,2024-03-04,Nord,Elektronik,3,267.77,803.31
840,2024-05-01,2024-05-07,Ost,Elektronik,2,225.23,450.46
841,2024-02-20,2024-02-25,West,Bücher,3,17.24,51.72
842,2024-10-03,2024-10-09,Nord,Sport,3,52.05,156.15
843,2024-01-05,2024-01-13,Ost,Haushalt,3,65.72,197.16
844,2024-04-01,2024-04-06,Süd,Kleidung,1,43.48,43.48
845,2024-06-18,2024-06-22,Mitte,Bücher,1,14.85,14.85
846,2024-11-12,2024-11-15,Süd,Haushalt,2,91.17,182.34
847,2024-01-22,2024-01-26,West,Sport,5,57.2,286.0
848,2024-11-21,2024-11-30,Ost,Elektronik,5,216.83,1084.15
849,2024-01-01,2024-01-06,Nord,Sport,5,68.07,340.35
850,2024-05-12,2024-05-21,Ost,Kleidung,2,40.78,81.56
851,2024-08-20,2024-08-25,Mitte,Bücher,5,13.14,65.7
852,2024-01-12,2024-01-19,Ost,Bücher,5,16.32,81.6
853,2024-12-11,2024-12-17,West,Kleidung,3,40.18,120.54
854,2024-02-15,2024-02-21,Mitte,Haushalt,1,83.34,83.34
855,2024-02-03,2024-02-09,Nord,Haushalt,1,78.75,78.75
856,2024-03-18,2024-03-24,Nord,Bücher,3,16.97,50.91
857,2024-08-05,2024-08-12,Ost,Bücher,3,16.98,50.94
858,2024-10-27,2024-11-01,Süd,Elektronik,3,270.94,812.82
859,2024-03-13,2024-03-19,West,Haushalt,1,67.37,67.37
860,2024-10-08,2024-10-14,Mitte,Kleidung,5,45.42,227.1
861,2024-09-05,2024-09-10,Süd,Haushalt,3,85.47,256.41
862,2024-02-16,2024-02-19,Nord,Elektronik,2,269.7,539.4
863,2024-04-30,2024-05-04,West,Bücher,3,14.18,42.54
864,2024-08-01,2024-08-04,Süd,Bücher,4,17.28,69.12
865,2024-08-26,2024-09-01,West,Elektronik,3,272.54,817.62
866,2024-02-25,2024-02-29,Süd,Kleidung,1,33.8,33.8
867,2024-12-15,2024-12-20,West,Bücher,3,14.45,43.35
868,2024-04-16,2024-04-20,Nord,Sport,4,69.27,277.08
869,2024-11-14,2024-11-21,Ost,Bücher,2,12.28,24.56
870,2024-02-17,2024-02-20,Süd,Sport,5,71.07,355.35
871,2024-03-01,2024-03-07,Ost,Elektronik,3,267.92,803.76
872,2024-12-02,2024-12-08,Nord,Elektronik,4,263.14,1052.56
873,2024-01-26,2024-02-01,West,Bücher,4,13.62,54.48
874,2024-10-18,2024-10-23,Mitte,Haushalt,2,71.96,143.92
875,2024-09-13,2024-09-17,Nord,Sport,1,70.61,70.61
876,2024-01-08,2024-01-11,Nord,Kleidung,3,36.77,110.31
877,2024-04-22,2024-04-26,Nord,Bücher,4,16.65,66.6
878,2024-12-20,2024-12-29,Ost,Kleidung,2,38.29,76.58
879,2024-09-09,2024-09-17,Ost,Bücher,5,12.84,64.2
880,2024-06-28,2024-07-06,Ost,Haushalt,4,64.34,257.36
881,2024-07-25,2024-07-29,Nord,Haushalt,2,81.42,162.84
882,2024-10-29,2024-11-04,Süd,Haushalt,1,95.22,95.22
883,2024-05-06,2024-05-14,Ost,Haushalt,1,75.81,75.81
884,2024-02-25,2024-03-02,Süd,Elektronik,4,235.72,942.88
885,2024-08-01,2024-08-07,Mitte,Elektronik,4,234.41,937.64
886,2024-01-14,2024-01-18,Nord,Sport,3,60.49,181.47
887,2024-01-28,2024-02-01,West,Kleidung,2,39.05,78.1
888,2024-03-18,2024-03-22,Süd,Bücher,4,17.28,69.12
889,2024-08-03,2024-08-06,Süd,Bücher,3,15.03,45.09
890,2024-12-30,2025-01-06,West,Elektronik,3,250.78,752.34
891,2024-06-02,2024-06-06,West,Bücher,4,12.83,51.32
892,2024-01-14,2024-01-20,Mitte,Elektronik,1,298.27,298.27
893,2024-07-05,2024-07-10,Nord,Sport,2,54.0,108.0
894,2024-11-07,2024-11-12,Nord,Kleidung,2,33.17,66.34
895,2024-01-07,2024-01-13,West,Sport,1,63.92,63.92
896,2024-01-03,2024-01-10,Ost,Haushalt,4,83.05,332.2
897,2024-04-20,2024-04-24,Süd,Haushalt,2,77.28,154.56
898,2024-08-25,2024-08-31,Nord,Haushalt,4,77.51,310.04
899,2024-12-28,2025-01-02,Nord,Sport,4,66.84,267.36
900,2024-08-26,2024-08-30,Mitte,Bücher,3,13.17,39.51
901,2024-09-30,2024-10-05,Nord,Kleidung,1,45.12,45.12
902,2024-10-20,2024-10-24,Süd,Haushalt,4,84.76,339.04
903,2024-08-14,2024-08-17,Nord,Haushalt,5,77.41,387.05
904,2024-01-15,2024-01-18,Süd,Haushalt,1,78.66,78.66
905,2024-07-10,2024-07-15,Nord,Kleidung,2,36.11,72.22
906,2024-04-28,2024-05-07,Ost,Haushalt,3,88.07,264.21
907,2024-01-28,2024-02-01,Nord,Kleidung,2,40.21,80.42
908,2024-07-20,2024-07-25,West,Haushalt,2,74.27,148.54
909,2024-02-08,2024-02-11,Nord,Sport,1,62.31,62.31
910,2024-09-29,2024-10-05,Ost,Sport,2,71.9,143.8
911,2024-08-18,2024-08-24,Mitte,Kleidung,4,38.96,155.84
912,2024-03-26,2024-04-02,West,Sport,2,70.1,140.2
913,2024-05-05,2024-05-14,Ost,Kleidung,3,37.52,112.56
914,2024-10-26,2024-10-31,Süd,Sport,3,49.31,147.93
915,2024-01-25,2024-01-28,Süd,Sport,5,52.9,264.5
916,2024-05-24,2024-05-30,West,Kleidung,3,38.7,116.1
917,2024-01-13,2024-01-16,Mitte,Bücher,2,13.32,26.64
918,2024-07-30,2024-08-03,West,Sport,3,48.01,144.03
919,2024-01-25,2024-02-01,Ost,Haushalt,1,93.28,93.28
920,2024-03-08,2024-03-12,West,Bücher,3,17.06,51.18
921,2024-03-07,2024-03-10,Süd,Kleidung,4,43.88,175.52
922,2024-08-20,2024-08-25,Nord,Bücher,1,13.01,13.01
923,2024-04-18,2024-04-24,Ost,Elektronik,5,212.04,1060.2
924,2024-05-25,2024-05-30,Mitte,Elektronik,4,206.76,827.04
925,2024-04-20,2024-04-26,Nord,Sport,2,65.38,130.76
926,2024-08-15,2024-08-19,West,Sport,2,70.29,140.58
927,2024-04-20,2024-04-23,Nord,Haushalt,2,77.78,155.56
928,2024-02-03,2024-02-11,Ost,Bücher,4,12.71,50.84
929,2024-04-20,2024-04-26,Nord,Elektronik,4,251.24,1004.96
930,2024-09-20,2024-09-24,Süd,Sport,4,56.37,225.48
931,2024-08-23,2024-08-30,West,Bücher,1,14.25,14.25
932,2024-03-23,2024-03-28,Süd,Sport,1,62.91,62.91
933,2024-02-11,2024-02-18,West,Sport,2,65.25,130.5
934,2024-04-10,2024-04-16,West,Elektronik,3,211.06,633.18
935,2024-01-06,2024-01-11,Mitte,Elektronik,2,203.56,407.12
936,2024-06-28,2024-07-02,Nord,Sport,5,71.86,359.3
937,2024-10-08,2024-10-11,Süd,Kleidung,1,35.72,35.72
938,2024-11-15,2024-11-20,Nord,Sport,4,49.29,197.16
939,2024-08-13,2024-08-18,Mitte,Sport,1,52.56,52.56
940,2024-11-10,2024-11-14,Mitte,Haushalt,4,65.25,261.0
941,2024-12-30,2025-01-07,Ost,Haushalt,5,76.54,382.7
942,2024-08-16,2024-08-20,West,Haushalt,5,89.68,448.4
943,2024-10-15,2024-10-22,Ost,Kleidung,1,37.46,37.46
944,2024-05-29,2024-06-04,Ost,Kleidung,4,39.11,156.44
945,2024-10-03,2024-10-06,Nord,Sport,5,64.21,321.05
946,2024-07-16,2024-07-21,West,Haushalt,2,80.28,160.56
947,2024-03-10,2024-03-15,Nord,Kleidung,2,45.78,91.56
948,2024-04-21,2024-04-25,West,Elektronik,4,286.6,1146.4
949,2024-01-04,2024-01-08,West,Sport,1,48.24,48.24
950,2024-12-15,2024-12-19,West,Bücher,5,16.67,83.35
951,2024-11-26,2024-11-29,Nord,Sport,1,59.06,59.06
952,2024-11-13,2024-11-17,Süd,Bücher,2,17.93,35.86
953,2024-12-15,2024-12-19,Süd,Haushalt,5,79.46,397.3
954,2024-04-04,2024-04-10,Süd,Bücher,1,17.92,17.92
955,2024-05-31,2024-06-06,Nord,Haushalt,3,88.15,264.45
956,2024-11-06,2024-11-09,Mitte,Elektronik,4,224.86,899.44
957,2024-05-16,2024-05-24,Ost,Bücher,4,15.23,60.92
958,2024-09-03,2024-09-06,Süd,Sport,3,71.81,215.43
959,2024-08-30,2024-09-04,Süd,Haushalt,2,91.44,182.88
960,2024-01-31,2024-02-03,Süd,Sport,5,50.34,251.7
961,2024-02-09,2024-02-18,Ost,Kleidung,4,43.3,173.2
962,2024-08-16,2024-08-25,Ost,Haushalt,3,75.06,225.18
963,2024-02-05,2024-02-10,Mitte,Bücher,3,12.04,36.12
964,2024-08-10,2024-08-13,Süd,Haushalt,2,76.91,153.82
965,2024-01-06,2024-01-11,Mitte,Sport,2,53.63,107.26
966,2024-11-17,2024-11-23,Mitte,Elektronik,1,281.89,281.89
967,2024-08-07,2024-08-10,Nord,Haushalt,4,74.79,299.16
968,2024-03-15,2024-03-18,Mitte,Bücher,1,16.97,16.97
969,2024-01-04,2024-01-09,Nord,Kleidung,3,32.01,96.03
970,2024-11-30,2024-12-05,West,Elektronik,5,230.78,1153.9
971,2024-05-13,2024-05-18,Süd,Kleidung,5,35.86,179.3
972,2024-04-27,2024-05-03,Mitte,Haushalt,2,71.47,142.94
973,2024-04-03,2024-04-09,Mitte,Sport,5,49.64,248.2
974,2024-03-02,2024-03-09,West,Sport,5,52.49,262.45
975,2024-07-12,2024-07-19,West,Bücher,5,15.33,76.65
976,2024-11-30,2024-12-06,Süd,Sport,3,54.99,164.97
977,2024-07-21,2024-07-25,Nord,Elektronik,5,241.74,1208.7
978,2024-01-26,2024-01-29,Süd,Sport,5,57.04,285.2
979,2024-06-21,2024-06-26,Nord,Bücher,5,17.26,86.3
980,2024-10-26,2024-11-01,West,Haushalt,1,92.97,92.97
981,2024-05-12,2024-05-18,Süd,Haushalt,3,79.77,239.31
982,2024-11-21,2024-11-26,Mitte,Sport,2,55.92,111.84
983,2024-04-27,2024-05-06,Ost,Kleidung,1,33.71,33.71
984,2024-11-19,2024-11-24,West,Haushalt,4,94.51,378.04
985,2024-10-01,2024-10-05,Nord,Sport,3,49.45,148.35
986,2024-07-30,2024-08-02,Mitte,Bücher,3,13.79,41.37
987,2024-08-12,2024-08-16,Mitte,Sport,4,55.15,220.6
988,2024-01-20,2024-01-24,Süd,Haushalt,4,74.25,297.0
989,2024-04-22,2024-04-28,Ost,Bücher,4,12.99,51.96
990,2024-05-19,2024-05-25,West,Sport,2,66.8,133.6
991,2024-02-16,2024-02-22,Nord,Elektronik,5,212.25,1061.25
992,2024-01-01,2024-01-10,Ost,Bücher,3,15.81,47.43
993,2024-03-30,2024-04-04,Süd,Elektronik,5,212.38,1061.9
994,2024-05-21,2024-05-24,Nord,Kleidung,5,33.13,165.65
995,2024-11-15,2024-11-20,Süd,Bücher,4,17.46,69.84
996,2024-02-07,2024-02-11,Nord,Elektronik,2,219.01,438.02
997,2024-10-19,2024-10-22,Nord,Haushalt,1,90.28,90.28
998,2024-05-18,2024-05-21,Nord,Haushalt,2,81.43,162.86
999,2024-12-21,2024-12-24,Mitte,Kleidung,5,33.25,166.25
1000,2024-11-28,2024-12-07,Ost,Bücher,2,17.73,35.46
